<ImportExportXml version="9.0.0002.0054" SolutionPackageVersion="9.0" languagecode="1033" generatedBy="CrmLive" xmlns:xsi="http://www.w3.org/2001/XMLSchema-instance">
  <SolutionManifest>
    <UniqueName>RollYourOwnConnectedFieldService</UniqueName>
    <LocalizedNames>
      <LocalizedName description="Roll Your Own Connected Field Service" languagecode="1033" />
    </LocalizedNames>
    <Descriptions />
    <Version>1.0.0.0</Version>
    <Managed>0</Managed>
    <Publisher>
      <UniqueName>jasonlattimer</UniqueName>
      <LocalizedNames>
        <LocalizedName description="Jason Lattimer" languagecode="1033" />
      </LocalizedNames>
      <Descriptions />
      <EMailAddress xsi:nil="true"></EMailAddress>
      <SupportingWebsiteUrl>http://jlattimer.blogspot.com/</SupportingWebsiteUrl>
      <CustomizationPrefix>lat</CustomizationPrefix>
      <CustomizationOptionValuePrefix>80799</CustomizationOptionValuePrefix>
      <Addresses>
        <Address>
          <AddressNumber>1</AddressNumber>
          <AddressTypeCode>1</AddressTypeCode>
          <City xsi:nil="true"></City>
          <County xsi:nil="true"></County>
          <Country>USA</Country>
          <Fax xsi:nil="true"></Fax>
          <FreightTermsCode xsi:nil="true"></FreightTermsCode>
          <ImportSequenceNumber xsi:nil="true"></ImportSequenceNumber>
          <Latitude xsi:nil="true"></Latitude>
          <Line1 xsi:nil="true"></Line1>
          <Line2 xsi:nil="true"></Line2>
          <Line3 xsi:nil="true"></Line3>
          <Longitude xsi:nil="true"></Longitude>
          <Name xsi:nil="true"></Name>
          <PostalCode xsi:nil="true"></PostalCode>
          <PostOfficeBox xsi:nil="true"></PostOfficeBox>
          <PrimaryContactName xsi:nil="true"></PrimaryContactName>
          <ShippingMethodCode>1</ShippingMethodCode>
          <StateOrProvince>WI</StateOrProvince>
          <Telephone1 xsi:nil="true"></Telephone1>
          <Telephone2 xsi:nil="true"></Telephone2>
          <Telephone3 xsi:nil="true"></Telephone3>
          <TimeZoneRuleVersionNumber xsi:nil="true"></TimeZoneRuleVersionNumber>
          <UPSZone xsi:nil="true"></UPSZone>
          <UTCOffset xsi:nil="true"></UTCOffset>
          <UTCConversionTimeZoneCode xsi:nil="true"></UTCConversionTimeZoneCode>
        </Address>
        <Address>
          <AddressNumber>2</AddressNumber>
          <AddressTypeCode>1</AddressTypeCode>
          <City xsi:nil="true"></City>
          <County xsi:nil="true"></County>
          <Country xsi:nil="true"></Country>
          <Fax xsi:nil="true"></Fax>
          <FreightTermsCode xsi:nil="true"></FreightTermsCode>
          <ImportSequenceNumber xsi:nil="true"></ImportSequenceNumber>
          <Latitude xsi:nil="true"></Latitude>
          <Line1 xsi:nil="true"></Line1>
          <Line2 xsi:nil="true"></Line2>
          <Line3 xsi:nil="true"></Line3>
          <Longitude xsi:nil="true"></Longitude>
          <Name xsi:nil="true"></Name>
          <PostalCode xsi:nil="true"></PostalCode>
          <PostOfficeBox xsi:nil="true"></PostOfficeBox>
          <PrimaryContactName xsi:nil="true"></PrimaryContactName>
          <ShippingMethodCode>1</ShippingMethodCode>
          <StateOrProvince xsi:nil="true"></StateOrProvince>
          <Telephone1 xsi:nil="true"></Telephone1>
          <Telephone2 xsi:nil="true"></Telephone2>
          <Telephone3 xsi:nil="true"></Telephone3>
          <TimeZoneRuleVersionNumber xsi:nil="true"></TimeZoneRuleVersionNumber>
          <UPSZone xsi:nil="true"></UPSZone>
          <UTCOffset xsi:nil="true"></UTCOffset>
          <UTCConversionTimeZoneCode xsi:nil="true"></UTCConversionTimeZoneCode>
        </Address>
      </Addresses>
    </Publisher>
    <RootComponents>
      <RootComponent type="1" schemaName="lat_iotdevice" behavior="0" />
      <RootComponent type="1" schemaName="lat_iotreading" behavior="0" />
      <RootComponent type="1" schemaName="lat_particlecommand" behavior="0" />
      <RootComponent type="9" schemaName="lat_devicestatus" behavior="0" />
      <RootComponent type="9" schemaName="lat_particlecommandstatus" behavior="0" />
      <RootComponent type="9" schemaName="lat_particlefunction" behavior="0" />
      <RootComponent type="9" schemaName="lat_particleheaterlevel" behavior="0" />
      <RootComponent type="29" id="{4df322c3-d94b-e811-a957-000d3a3ac0c2}" behavior="0" />
      <RootComponent type="29" id="{d87d4197-d792-46f2-a8f0-4f0e431a4575}" behavior="0" />
      <RootComponent type="29" id="{fd05a80d-da4b-e811-a957-000d3a3ac0c2}" behavior="0" />
      <RootComponent type="60" id="{35d92d37-8bc6-40b1-8f60-4312d9ca5a63}" behavior="0" />
      <RootComponent type="60" id="{ba0ea120-57b3-49fb-8b94-7a058b8106dc}" behavior="0" />
      <RootComponent type="60" id="{c6031677-7415-4256-9a1d-164961448e5b}" behavior="0" />
      <RootComponent type="91" id="{572653a7-ebde-4efa-91aa-92efff9f00ba}" schemaName="SendParticleCommand, Version=1.0.0.0, Culture=neutral, PublicKeyToken=7e3fd88fe67b5950" behavior="0" />
      <RootComponent type="92" id="{94cb618c-d84b-e811-a956-000d3a3acd0b}" behavior="0" />
    </RootComponents>
    <MissingDependencies />
  </SolutionManifest>
</ImportExportXml>